{"RuleTriggered": 0, "Violations": 0, "Details": {"pin_memory": false, "num_workers": 0, "cores": 36, "dataloaders": 1, "dataloading_time": {"p25": 0.02310975, "p50": 0.023553499999999998, "p95": 0.026012199999999996, "probs": [1, 0, 0, 0, 0, 0, 0, 0, 0, 0, 0, 0, 0, 0, 0, 0, 0, 0, 0, 0, 0, 0, 0, 0, 0, 0, 0, 0, 0, 0, 0, 0, 0, 0, 0, 0, 0, 0, 0, 0, 0, 0, 0, 0, 0, 0, 0, 0, 0, 0, 0, 0, 0, 0, 0, 0, 0, 0, 0, 0, 0, 0, 0, 0, 0, 0, 0, 0, 0, 0, 0, 0, 0, 0, 0, 0, 0, 0, 1, 1, 0, 1, 2, 0, 0, 1, 1, 0, 1, 0, 0, 0, 0, 0, 0, 0, 0, 0, 0, 1], "binedges": [0.0071, 0.00729958, 0.00749916, 0.00769874, 0.00789832, 0.0080979, 0.00829748, 0.00849706, 0.00869664, 0.00889622, 0.0090958, 0.009295379999999999, 0.00949496, 0.00969454, 0.00989412, 0.0100937, 0.01029328, 0.01049286, 0.01069244, 0.010892019999999999, 0.0110916, 0.01129118, 0.01149076, 0.01169034, 0.011889919999999998, 0.0120895, 0.012289079999999999, 0.012488659999999999, 0.01268824, 0.01288782, 0.013087399999999999, 0.01328698, 0.013486559999999998, 0.01368614, 0.013885719999999999, 0.014085299999999999, 0.01428488, 0.014484459999999998, 0.014684039999999999, 0.014883619999999998, 0.015083199999999998, 0.01528278, 0.015482359999999999, 0.01568194, 0.015881519999999996, 0.0160811, 0.01628068, 0.016480259999999997, 0.016679839999999998, 0.01687942, 0.017078999999999997, 0.017278579999999998, 0.01747816, 0.017677739999999997, 0.01787732, 0.0180769, 0.018276479999999998, 0.018476059999999996, 0.01867564, 0.018875219999999998, 0.019074799999999996, 0.019274379999999997, 0.01947396, 0.019673539999999996, 0.019873119999999998, 0.0200727, 0.020272279999999997, 0.020471859999999998, 0.02067144, 0.020871019999999997, 0.021070599999999995, 0.02127018, 0.021469759999999997, 0.021669339999999995, 0.021868919999999997, 0.022068499999999998, 0.022268079999999996, 0.022467659999999997, 0.022667239999999998, 0.022866819999999996, 0.023066399999999994, 0.02326598, 0.023465559999999996, 0.023665139999999994, 0.02386472, 0.024064299999999997, 0.024263879999999995, 0.02446346, 0.024663039999999997, 0.024862619999999995, 0.0250622, 0.025261779999999998, 0.025461359999999995, 0.025660939999999993, 0.025860519999999998, 0.026060099999999996, 0.026259679999999994, 0.02645926, 0.026658839999999996, 0.026858419999999994, 0.027058]}}, "Datapoints": 10, "RuleParameters": "min_threshold:70\nmax_threshold:200"}