{"RuleTriggered": 0, "Violations": 0, "Details": {"step_num": {"first": 1695525747500245, "last": 1695528045462867}, "job_start": 1695525660.001003, "job_end": 1695528059.501433}, "Datapoints": 87, "RuleParameters": "threshold:20"}