{"RuleTriggered": 0, "Violations": 0, "Details": {"ratio": {"cpu_functions": 100.0}, "phase": {"Step:ModeKeys.GLOBAL": 86.95422029897351, "others": 13.045779701026493}, "phase_time": {}, "general": {"DataLoaderIterInitialize": 0.0067379703212992565, "Forward": 99.98398791973383, "DataLoaderIter": 0.00927410994486045}, "CPU": {"dropout": 3.596230224931584, "matmul": 10.275565745047702, "mm": 25.540025962821677, "NativeLayerNormBackward": 7.277088547285302, "native_layer_norm_backward": 7.275328600471692, "MmBackward": 16.680009166552555, "GeluBackward": 14.678086854366109, "gelu_backward": 14.677664898523398}, "CPU_total": {"dropout": 10670501, "matmul": 30488992, "mm": 75780708, "NativeLayerNormBackward": 21592105, "native_layer_norm_backward": 21586883, "MmBackward": 49491841, "GeluBackward": 43551867, "gelu_backward": 43550615}}, "Datapoints": 0, "RuleParameters": ""}